{"cameraMode":{"drawMode":0,"name":"Shaded","section":"Shading Mode"},"sceneLighting":false,"audioPlay":false,"sceneViewState":{"m_AlwaysRefresh":false,"showFog":true,"showSkybox":true,"showFlares":true,"showImageEffects":true,"showParticleSystems":true,"showVisualEffectGraphs":true,"m_FxEnabled":true},"in2DMode":false,"pivot":{"x":-3.8826847076416017,"y":-7.765866756439209,"z":-8.835332870483399},"rotation":{"x":-0.004477252718061209,"y":0.9152341485023499,"z":-0.40281540155410769,"w":-0.010156518779695034},"size":9.229063034057618,"orthographic":false}