{"cameraMode":{"drawMode":0,"name":"Shaded","section":"Shading Mode"},"sceneLighting":false,"audioPlay":false,"sceneViewState":{"m_AlwaysRefresh":false,"showFog":true,"showSkybox":true,"showFlares":true,"showImageEffects":true,"showParticleSystems":true,"showVisualEffectGraphs":true,"m_FxEnabled":true},"in2DMode":false,"pivot":{"x":1.303641438484192,"y":-10.930354118347168,"z":-29.974811553955079},"rotation":{"x":0.006527475081384182,"y":0.9769673943519592,"z":-0.211309552192688,"w":0.030183328315615655},"size":22.412574768066408,"orthographic":false}